,make,year,model,mileage,certified,price
0,Toyota,2018,Avalon,29763,0,17995
1,Toyota,2019,Sienna,9096,0,23900
2,Toyota,2018,Camry,21875,1,20899
3,Toyota,2011,Sienna,77473,0,9495
4,Toyota,2018,Camry,39181,0,17400
5,Toyota,2015,Corolla,23020,0,11596
6,Toyota,2012,Camry,101332,0,9999
7,Toyota,2018,Corolla,37078,0,12995
8,Toyota,2018,Sienna,47824,0,18971
9,Toyota,2018,Highlander,30500,0,24988
10,Toyota,2019,Avalon,18189,0,27108
11,Toyota,2018,Highlander,25027,0,24995
12,Toyota,2007,Camry,144116,0,4990
13,Toyota,2015,Highlander,33305,0,21950
14,Toyota,2016,Sequoia,37880,0,25995
15,Toyota,2015,Corolla,54478,0,8999
16,Toyota,2009,Avalon,28600,0,11500
17,Toyota,2018,Sequoia,36885,0,45991
18,Toyota,2019,Camry,9944,0,28100
19,Toyota,2014,Avalon,78552,0,12995
20,Toyota,2020,RAV4,9692,0,25887
21,Toyota,2020,Corolla,4426,0,17200
22,Toyota,2017,Avalon,27930,1,24434
23,Toyota,2015,RAV4,47971,0,14777
24,Toyota,2017,Highlander,51064,0,23000
25,Toyota,2018,Corolla,19611,0,16850
26,Toyota,2008,FJ,115247,0,13999
27,Toyota,2020,Corolla,22953,0,17999
28,Toyota,2011,Sienna,117761,0,11997
29,Toyota,2014,Avalon,81465,0,14999
30,Toyota,2018,Camry,44295,1,18216
31,Toyota,2017,Highlander,23191,0,28962
32,Toyota,2014,Venza,55601,0,16500
33,Toyota,2018,Sienna,20677,0,24981
34,Toyota,2018,Camry,27627,0,19981
35,Toyota,2018,Corolla,32615,0,14419
36,Toyota,2019,Highlander,17620,0,28739
37,Toyota,2016,Avalon,22336,0,19999
38,Toyota,2018,Camry,29609,0,23975
39,Toyota,2019,4Runner,18827,0,42900
40,Toyota,2012,Avalon,74883,0,13747
41,Toyota,2017,Corolla,47794,0,12487
42,Toyota,2018,Camry,22120,0,17900
43,Toyota,2015,Venza,32875,0,20984
44,Toyota,2007,FJ,42857,0,25995
45,Toyota,2014,Avalon,63862,0,13790
46,Toyota,2018,Camry,36517,0,15499
47,Toyota,2020,Corolla,25908,0,17998
48,Toyota,2018,Avalon,33197,0,19984
49,Toyota,2016,Corolla,48594,0,9998
50,Toyota,2019,Corolla,14212,0,17938
51,Toyota,2013,Highlander,97947,0,13900
52,Toyota,2020,Corolla,18301,0,17451
53,Toyota,2018,Corolla,34947,0,12989
54,Toyota,2019,Camry,31407,0,18977
55,Toyota,2012,Sienna,74276,0,13974
56,Toyota,2018,Corolla,36357,0,13987
57,Toyota,2015,Avalon,49414,0,19950
58,Toyota,2017,Sienna,38364,0,22757
59,Toyota,2015,Sienna,127610,0,8998
60,Toyota,2017,Prius,26415,0,20957
61,Toyota,2008,Sequoia,204000,0,7499
62,Toyota,2020,Corolla,26486,0,15274
63,Toyota,2017,Camry,47907,0,13499
64,Toyota,2016,Prius,52000,0,19750
65,Toyota,2018,RAV4,18746,1,21000
66,Toyota,2014,Avalon,64137,0,15495
67,Toyota,2014,Camry,88962,0,8995
68,Toyota,2015,Avalon,98735,0,12795
69,Toyota,2019,C-HR,26838,0,16395
70,Toyota,2018,Corolla,15215,0,15354
71,Toyota,2009,Yaris,80072,0,5499
72,Toyota,2015,Sienna,69365,0,19399
73,Toyota,2018,Highlander,33304,0,29498
74,Toyota,2018,Highlander,8766,0,33454
75,Toyota,2008,Avalon,109464,0,6500
76,Toyota,2018,Highlander,11588,0,31000
77,Toyota,2019,Camry,15972,0,24589
78,Toyota,2020,RAV4,13275,1,34840
79,Toyota,2015,Corolla,61907,0,12475
80,Toyota,2017,Corolla,55577,0,8495
81,Toyota,2016,Camry,52155,0,15748
82,Toyota,2017,Corolla,46506,0,11999
83,Toyota,2019,Camry,41258,0,16981
84,Toyota,2019,Camry,41018,0,16981
85,Toyota,2006,Camry,112000,0,4200
86,Toyota,2019,C-HR,19451,0,16503
87,Toyota,2013,Prius,147370,0,6999
88,Toyota,2013,Corolla,67703,0,7999
89,Toyota,2020,Avalon,2206,1,38992
90,Toyota,2019,C-HR,11723,0,23896
91,Toyota,2017,Camry,19167,0,16361
92,Toyota,2011,Sienna,56238,0,16401
93,Toyota,2014,Camry,92858,0,8999
94,Toyota,2016,4Runner,55298,0,30000
95,Toyota,2013,Sienna,91254,0,14994
96,Toyota,2020,Corolla,10532,0,18977
97,Toyota,2017,Highlander,26861,0,24739
98,Toyota,2017,Highlander,58827,0,27579
99,Toyota,2018,Avalon,17468,1,27984
100,Toyota,2015,Highlander,48790,0,23990
101,Toyota,2018,RAV4,9312,1,25900
102,Toyota,2008,FJ,173953,0,14988
103,Toyota,2015,Venza,57299,0,15542
104,Toyota,2010,Corolla,77400,0,7000
105,Toyota,2015,Camry,99495,0,11590
106,Toyota,2018,Corolla,20716,0,15920
107,Toyota,2019,Avalon,27961,0,34105
108,Toyota,2019,C-HR,24648,0,20433
109,Toyota,2015,Corolla,68105,0,8999
110,Toyota,2014,Corolla,49000,0,9000
111,Toyota,2019,C-HR,22533,0,18090
112,Toyota,2019,Prius,29840,0,19380
113,Toyota,2015,Highlander,73613,0,24400
114,Toyota,2018,C-HR,36406,0,17870
115,Toyota,2010,Venza,121013,0,11100
116,Toyota,2018,Prius,46973,0,15781
117,Toyota,2018,Corolla,26650,0,13995
118,Toyota,2018,Camry,49265,0,14870
119,Toyota,2019,Highlander,17467,0,34520
120,Toyota,2018,C-HR,33898,0,18724
121,Toyota,2017,Sienna,37136,0,23990
122,Toyota,2016,RAV4,13224,0,17400
123,Toyota,2009,Camry,145867,0,6595
124,Toyota,2007,FJ,155260,0,14825
125,Toyota,2020,Corolla,2521,0,15959
126,Toyota,2018,Corolla,8603,0,15988
127,Toyota,2018,RAV4,13894,0,26963
128,Toyota,2015,Venza,72615,0,14999
129,Toyota,2012,Corolla,90746,0,8758
130,Toyota,2018,Sienna,32736,0,25623
131,Toyota,2020,Prius,2799,1,31573
132,Toyota,2018,RAV4,38259,0,18000
133,Toyota,2018,Camry,30301,0,16598
134,Toyota,2017,Highlander,90459,0,21900
135,Toyota,2012,Sequoia,137300,0,16498
136,Toyota,2018,Corolla,16537,0,13609
137,Toyota,2009,Corolla,128224,0,5495
138,Toyota,2020,Corolla,4659,0,17484
139,Toyota,2020,Highlander,301,0,48481
140,Toyota,2019,Avalon,25523,0,30974
141,Toyota,2017,RAV4,30648,0,17899
142,Toyota,2017,Camry,63572,0,12499
143,Toyota,2019,Highlander,27485,0,29998
144,Toyota,2017,Highlander,40505,0,29139
145,Toyota,2014,Corolla,65927,0,8999
146,Toyota,2019,Corolla,15251,0,20215
147,Toyota,2018,Corolla,24661,0,15937
148,Toyota,2018,Camry,37673,0,18724
149,Toyota,2013,Corolla,104494,0,7995
150,Toyota,2020,Corolla,986,1,21750
151,Toyota,2020,Sienna,27990,0,25980
152,Toyota,2019,Tundra,15949,0,44982
153,Toyota,2018,Corolla,45479,0,13929
154,Toyota,2017,Highlander,30963,0,23989
155,Toyota,2009,Camry,168097,0,5998
156,Toyota,2011,Avalon,121656,0,10000
157,Toyota,2020,Corolla,30448,0,16820
158,Toyota,2020,Camry,14642,1,27720
159,Toyota,2018,Camry,40836,1,18910
160,Toyota,2017,Corolla,39265,0,12350
161,Toyota,2011,Camry,88799,0,9226
162,Toyota,2013,Avalon,82354,0,14490
163,Toyota,2015,Corolla,78474,0,9900
164,Toyota,2018,Camry,40535,0,22987
165,Toyota,2014,Sequoia,74577,0,28995
166,Toyota,2016,Highlander,34443,0,25829
167,Toyota,2015,Tacoma,37577,0,25977
168,Toyota,2015,Corolla,42056,0,9500
169,Toyota,2019,Highlander,29652,0,29997
170,Toyota,2020,Camry,4604,0,24999
171,Toyota,2008,Sienna,123628,0,7997
172,Toyota,2009,Corolla,141898,0,4999
173,Toyota,2012,Sequoia,187476,0,16500
174,Toyota,2017,Avalon,54750,0,22758
175,Toyota,2012,Camry,156809,0,6950
176,Toyota,2020,Highlander,9875,0,34989
177,Toyota,2018,RAV4,8656,0,20717
178,Toyota,2014,Avalon,119322,0,11995
179,Toyota,2015,RAV4,68125,0,14900
180,Toyota,2019,Camry,10823,0,24487
181,Toyota,2013,Sienna,37297,0,21987
182,Toyota,2018,RAV4,37031,0,23747
183,Toyota,2013,RAV4,94626,0,13727
184,Toyota,2018,Camry,30320,0,16888
185,Toyota,2019,Sienna,32618,0,24550
186,Toyota,2019,Highlander,33602,0,28995
187,Toyota,2019,Highlander,2660,0,30816
188,Toyota,2020,RAV4,10671,0,29302
189,Toyota,2015,4Runner,42700,0,29980
190,Toyota,2019,C-HR,31143,0,15922
191,Toyota,2016,Avalon,46911,0,20988
192,Toyota,2018,C-HR,26410,0,18480
193,Toyota,2017,Camry,35170,0,17986
194,Toyota,2018,Camry,17002,1,22774
195,Toyota,2019,Camry,31725,0,16802
196,Toyota,2019,Camry,40991,0,15889
197,Toyota,2018,Sienna,15952,0,24991
198,Toyota,2012,Prius,128320,0,7995
199,Toyota,2019,Camry,23268,0,21520
200,Toyota,2018,Sienna,51765,0,24887
201,Toyota,2019,RAV4,19947,0,25874
202,Toyota,2019,4Runner,9262,0,37950
203,Toyota,2019,Highlander,39266,0,28087
204,Toyota,2019,C-HR,21136,0,20470
205,Toyota,2018,Camry,20007,0,27264
206,Toyota,2020,Corolla,20341,0,17097
207,Toyota,2014,FJ,106089,0,28481
208,Toyota,2019,Corolla,15943,0,13999
209,Toyota,2018,Sienna,42198,0,23572
210,Toyota,2018,Highlander,28986,0,30484
211,Toyota,2018,Tacoma,48262,0,34991
212,Toyota,2019,C-HR,30173,0,16932
213,Toyota,2016,RAV4,43351,0,15995
214,Toyota,2019,Highlander,20384,0,27989
215,Toyota,2015,Sienna,71045,0,17995
216,Toyota,2008,Corolla,67158,0,7500
217,Toyota,2001,Camry,44917,0,7500
218,Toyota,2017,Sienna,41309,0,25421
219,Toyota,2018,Camry,3124,0,24990
220,Toyota,2019,Camry,23752,0,23970
221,Toyota,2019,Corolla,16591,1,19900
222,Toyota,2019,Camry,15388,1,19090
223,Toyota,2013,Camry,75007,0,10500
224,Toyota,2013,Highlander,82395,0,14987
225,Toyota,2018,C-HR,15702,0,20000
226,Toyota,2017,Camry,52688,0,13996
227,Toyota,2019,Highlander,19048,0,33000
228,Toyota,2019,Corolla,11045,0,15250
229,Toyota,2019,Highlander,8625,0,30342
230,Toyota,2005,Camry,165863,0,4988
231,Toyota,2019,Corolla,14499,0,21485
232,Toyota,2020,Corolla,7647,0,16997
233,Toyota,2016,Corolla,60220,0,10980
234,Toyota,2019,Camry,35923,0,18997
235,Toyota,2014,RAV4,76794,0,12699
236,Toyota,2015,RAV4,75397,0,12999
237,Toyota,2019,RAV4,10157,1,25433
238,Toyota,2011,Corolla,132659,0,5995
239,Toyota,2020,Corolla,16097,1,16990
240,Toyota,2010,Prius,73735,0,8690
241,Toyota,2014,Corolla,77000,0,8950
242,Toyota,2020,Corolla,4496,0,15888
243,Toyota,2018,C-HR,27665,0,18900
244,Toyota,2014,Sienna,132838,0,12499
245,Toyota,2019,C-HR,26414,0,20315
246,Toyota,2020,Corolla,9061,0,18841
247,Toyota,2011,RAV4,161682,0,5990
248,Toyota,2017,Yaris,6126,0,13582
249,Toyota,2020,RAV4,8985,1,28295
250,Toyota,2013,Camry,100183,0,9000
251,Toyota,2020,Corolla,15207,0,20000
252,Toyota,2013,Land,122551,0,34995
253,Toyota,2018,C-HR,18222,0,18800
254,Toyota,2017,Camry,30641,1,22039
255,Toyota,2017,Yaris,52792,0,10793
256,Toyota,2018,C-HR,26108,0,17939
257,Toyota,2017,Highlander,36621,0,30950
258,Toyota,2016,Corolla,41761,0,13820
259,Toyota,2018,Corolla,37337,0,14675
260,Toyota,2017,Prius,14020,0,25887
261,Toyota,2014,Sienna,81634,0,20466
262,Toyota,2012,Camry,100878,0,9984
263,Toyota,2008,Tundra,143629,0,13952
264,Toyota,2020,Corolla,16850,0,20125
265,Toyota,2019,4Runner,28396,0,34952
266,Toyota,2018,Avalon,6174,1,30989
267,Toyota,2018,Camry,45385,0,14957
268,Toyota,2013,Prius,116558,0,8964
269,Toyota,2019,Camry,36319,0,16194
270,Toyota,2018,Tundra,28456,0,42900
271,Toyota,2018,Prius,15031,0,18748
272,Toyota,2017,Highlander,27746,0,28339
273,Toyota,2015,Camry,47293,0,14725
274,Toyota,2017,Corolla,38986,0,12999
275,Toyota,2018,RAV4,22184,0,18999
276,Toyota,2017,Yaris,58012,0,9000
277,Toyota,2019,Sienna,33289,0,25841
278,Toyota,2020,Camry,21396,1,28910
279,Toyota,2008,Highlander,165764,0,7840
280,Toyota,2011,Highlander,106859,0,13499
281,Toyota,2018,Tacoma,35480,0,32987
282,Toyota,2011,Sienna,138515,0,9874
283,Toyota,2008,Sequoia,98357,0,23995
284,Toyota,2017,Sienna,34280,0,24991
285,Toyota,2013,Sienna,92940,0,13999
286,Toyota,2020,Corolla,14785,0,18721
287,Toyota,2010,Yaris,70316,0,6995
288,Toyota,2017,Sequoia,63500,0,43980
289,Toyota,2020,Sienna,23071,1,26883
290,Toyota,2019,Yaris,13752,0,14674
291,Toyota,2018,Sienna,39970,0,21998
292,Toyota,2018,Camry,63223,0,14437
293,Toyota,2018,Corolla,39746,0,13788
294,Toyota,2020,Highlander,2079,0,37767
295,Toyota,2016,RAV4,98873,0,12500
296,Toyota,2005,Prius,82900,0,6500
297,Toyota,2018,Camry,30232,1,24920
298,Toyota,2017,Sequoia,22566,0,44990
299,Toyota,2014,Sienna,76402,0,15398
300,Toyota,2018,Camry,23844,0,20487
301,Toyota,2020,RAV4,62,0,35427
302,Toyota,1994,Supra,211345,0,35998
303,Toyota,2014,Camry,108089,0,10995
304,Toyota,2009,Highlander,73950,0,15490
305,Toyota,2020,Corolla,5091,0,17595
306,Toyota,2019,Highlander,39449,0,29915
307,Toyota,2019,Prius,13253,0,20911
308,Toyota,2010,Prius,138200,0,6400
309,Toyota,2015,Camry,37233,0,15937
310,Toyota,2018,RAV4,42389,0,24986
311,Toyota,2020,Highlander,7635,0,35978
312,Toyota,2014,Prius,97023,0,9999
313,Toyota,2020,Sienna,1447,0,34981
314,Toyota,2016,Sienna,72488,0,18781
315,Toyota,2018,Yaris,35180,0,13563
316,Toyota,2017,Camry,30298,0,16839
317,Toyota,2015,Corolla,50270,0,11000
318,Toyota,2012,Prius,137124,0,6995
319,Toyota,2014,Camry,108375,0,11721
320,Toyota,2010,Highlander,88101,0,12947
321,Toyota,2017,Tacoma,17127,0,25888
322,Toyota,2016,Highlander,57519,1,29987
323,Toyota,2017,Sienna,27236,0,28761
324,Toyota,2017,Tundra,110630,0,21888
325,Toyota,2019,Tundra,45229,0,40595
326,Toyota,2012,Highlander,117000,0,11900
327,Toyota,2017,Highlander,46068,1,28750
328,Toyota,2019,Sienna,42031,0,29999
329,Toyota,2018,Camry,35528,0,23000
330,Toyota,2009,FJ,109337,0,18991
331,Toyota,2016,Camry,92738,0,11288
332,Toyota,2017,Camry,60826,0,13995
333,Toyota,2013,Camry,64000,0,8300
334,Toyota,2008,Camry,105250,0,7995
335,Toyota,2020,Corolla,3600,0,19821
336,Toyota,2017,Highlander,28501,0,30555
337,Toyota,2014,Camry,47554,1,15171
338,Toyota,2019,Camry,19123,0,18491
339,Toyota,2011,Prius,82155,0,10888
340,Toyota,2018,Camry,26049,0,20274
341,Toyota,2017,Sienna,27632,0,25387
342,Toyota,2020,Corolla,24183,0,15787
343,Toyota,2019,Camry,40757,0,18874
344,Toyota,2019,RAV4,3887,0,34727
345,Toyota,2017,Highlander,36284,0,28874
346,Toyota,2016,Camry,68298,0,13183
347,Toyota,2014,Avalon,64137,0,15495
348,Toyota,2018,Corolla,40340,0,11995
349,Toyota,2011,Sienna,54000,0,15900
350,Toyota,2019,Camry,34012,0,21184
351,Toyota,2020,Supra,2177,0,52778
352,Toyota,2014,Camry,65364,0,12990
353,Toyota,2019,Camry,10108,0,27107
354,Toyota,2013,FJ,85734,0,33975
355,Toyota,2019,C-HR,29841,0,16774
356,Toyota,2009,Corolla,123073,0,6995
357,Toyota,2014,Camry,104153,0,8999
358,Toyota,2019,Camry,24400,0,18889
359,Toyota,2015,Tundra,81323,0,31900
360,Toyota,2017,RAV4,34384,0,21757
361,Toyota,2012,Highlander,154978,0,9999
362,Toyota,2020,4Runner,13115,0,44990
363,Toyota,2016,Tundra,63333,0,34986
364,Toyota,2010,RAV4,101969,0,11495
365,Toyota,2017,Sienna,37750,0,28000
366,Toyota,2020,RAV4,10439,0,29814
367,Toyota,2013,Prius,85163,0,13988
368,Toyota,2013,Prius,135519,0,7900
369,Toyota,2010,FJ,147940,0,15490
370,Toyota,2017,Camry,18510,1,19488
371,Toyota,2015,Prius,61470,0,16998
372,Toyota,2019,Camry,27596,0,19645
373,Toyota,2019,Camry,29734,0,18989
374,Toyota,2014,Camry,148000,0,7100
375,Toyota,2015,Camry,56110,0,12999
376,Toyota,2020,Corolla,20982,1,16485
377,Toyota,2019,Sienna,33839,0,25840
378,Toyota,2019,Camry,4342,1,33620
379,Toyota,2011,4Runner,148586,0,13995
380,Toyota,2015,Highlander,48380,0,19757
381,Toyota,2011,Camry,96376,0,9498
382,Toyota,2011,Highlander,120730,0,15950
383,Toyota,2020,Camry,8708,0,23899
384,Toyota,2006,Sequoia,213050,0,7997
385,Toyota,2017,Corolla,61898,0,13995
386,Toyota,2020,Corolla,28188,0,16394
387,Toyota,2013,Tundra,109353,0,17495
388,Toyota,2019,RAV4,25727,1,25750
389,Toyota,2016,Sienna,93996,0,14990
390,Toyota,2020,RAV4,9445,0,29640
391,Toyota,2015,Sienna,70621,0,19999
392,Toyota,2019,Highlander,19253,0,30397
393,Toyota,2014,FJ,24780,0,49900
394,Toyota,2016,4Runner,45600,0,29749
395,Toyota,2019,Camry,33964,0,16489
396,Toyota,2018,Camry,21828,0,18515
397,Toyota,2007,Avalon,74360,0,8500
398,Toyota,2018,Corolla,20548,0,14990
399,Toyota,2017,Sienna,88904,0,16414
400,Toyota,2017,Sienna,20586,0,26887
401,Toyota,2017,Corolla,34736,0,13600
402,Toyota,2017,RAV4,39645,1,19531
403,Toyota,2018,Corolla,9304,0,19450
404,Toyota,2019,Camry,46311,0,21644
405,Toyota,2019,C-HR,16340,0,15999
406,Toyota,2019,C-HR,29436,0,17532
407,Toyota,2018,C-HR,45158,1,18400
408,Toyota,2019,C-HR,8800,1,21500
409,Toyota,2019,Avalon,19791,0,33991
410,Toyota,2020,Highlander,7002,0,35789
411,Toyota,2017,RAV4,31116,0,21954
412,Toyota,2015,RAV4,85082,0,13978
413,Toyota,2020,Highlander,5112,0,35968
414,Toyota,2018,Camry,51992,0,15615
415,Toyota,2019,Corolla,14918,1,21997
416,Toyota,2016,Avalon,82882,0,14997
417,Toyota,2011,RAV4,109511,0,8295
418,Toyota,2011,RAV4,151398,0,8888
419,Toyota,2019,Camry,38673,0,21991
420,Toyota,2020,Corolla,4383,0,16274
421,Toyota,2018,C-HR,45840,0,17247
422,Toyota,2020,Camry,12390,0,20999
423,Toyota,2017,Corolla,29688,0,14880
424,Toyota,2013,Corolla,115912,0,6999
425,Toyota,2010,Highlander,125320,0,9495
426,Toyota,2017,Camry,38464,0,17000
427,Toyota,2020,Sienna,20260,1,32095
428,Toyota,2015,Sienna,97412,0,17991
429,Toyota,2011,Prius,181197,0,5492
430,Toyota,2012,Camry,71092,0,10509
431,Toyota,2018,Prius,39953,0,17482
432,Toyota,2020,Highlander,8984,0,35977
433,Toyota,2018,Highlander,46105,0,27439
434,Toyota,2018,Corolla,41923,0,12977
435,Toyota,2020,Camry,5755,1,22486
436,Toyota,2018,Highlander,27144,0,26939
437,Toyota,2019,Highlander,19519,0,28939
438,Toyota,2003,Highlander,121904,0,6500
439,Toyota,2019,Land,19832,0,76991
440,Toyota,2018,RAV4,23537,0,21670
441,Toyota,2020,Sienna,21030,0,27220
442,Toyota,2013,Prius,48153,0,11995
443,Toyota,2015,Sienna,123900,0,14997
444,Toyota,2019,Camry,37762,0,19999
445,Toyota,2010,Highlander,110003,0,12391
446,Toyota,2009,Prius,73920,0,7980
447,Toyota,2019,RAV4,35423,0,24977
448,Toyota,2017,RAV4,45119,0,18472
449,Toyota,2019,Camry,36053,0,16917
450,Toyota,2017,Highlander,37709,0,28777
451,Toyota,2018,Camry,38548,0,22839
452,Toyota,2017,RAV4,34503,0,17412
453,Toyota,2013,Sienna,106054,0,14781
454,Toyota,2019,Tundra,31608,0,42995
455,Toyota,2019,Camry,29013,0,18409
456,Toyota,2017,Sienna,20438,0,24939
457,Toyota,2007,Camry,82750,0,8000
458,Toyota,2020,RAV4,13351,1,35720
459,Toyota,2011,Tundra,197456,0,16114
460,Toyota,2018,RAV4,18911,0,24386
461,Toyota,2018,Camry,41998,0,18700
462,Toyota,2020,Camry,4851,0,19987
463,Toyota,2013,Camry,151640,0,8499
464,Toyota,2019,Highlander,24695,0,33000
465,Toyota,2014,Venza,83355,0,14572
466,Toyota,2012,Camry,169800,0,6499
467,Toyota,2011,Prius,155600,0,5990
468,Toyota,2010,Camry,70410,0,7995
469,Toyota,2019,Highlander,34271,0,29204
470,Toyota,2018,Camry,11991,0,18498
471,Toyota,2019,Camry,39623,0,15977
472,Toyota,2015,Camry,107255,0,11757
473,Toyota,2017,Sienna,98906,0,19997
474,Toyota,2017,RAV4,26062,0,21989
475,Toyota,2020,Corolla,15915,0,20000
476,Toyota,2019,Camry,47379,0,17416
477,Toyota,2010,Corolla,152274,0,6500
478,Toyota,2015,RAV4,101353,0,13995
479,Toyota,2016,Camry,28160,0,13950
480,Toyota,2011,Venza,82526,0,12628
481,Toyota,2017,Sienna,15646,0,22737
482,Toyota,2016,Prius,69145,0,16532
483,Toyota,2018,C-HR,25831,0,18482
484,Toyota,2011,Prius,98624,0,8995
485,Toyota,2019,Camry,36209,0,21456
486,Toyota,2006,Prius,126429,0,5250
487,Toyota,2017,Camry,45286,0,15995
488,Toyota,2018,RAV4,59741,0,18995
489,Toyota,2019,C-HR,25499,0,15923
490,Toyota,2020,Corolla,22570,0,16914
491,Toyota,2011,Venza,114299,0,8891
492,Toyota,2018,Yaris,44298,0,10762
493,Toyota,2016,Highlander,71479,0,22981
494,Toyota,2020,Highlander,5644,0,36712
495,Toyota,2015,Tundra,26640,0,34995
496,Toyota,2019,C-HR,22579,0,23977
497,Toyota,2013,Camry,76666,0,12200
498,Toyota,2018,4Runner,38437,0,33900
499,Toyota,2020,4Runner,15186,1,38771
500,Toyota,2020,Sienna,24539,0,26574
501,Toyota,2019,Avalon,21214,0,30747
502,Toyota,2017,Yaris,16809,0,11499
503,Toyota,2011,4Runner,91942,0,17995
504,Toyota,2016,Corolla,72138,0,12290
505,Toyota,2015,Venza,101829,0,17590
506,Toyota,2020,Corolla,2321,0,17250
507,Toyota,2010,Prius,72827,0,9284
508,Toyota,2015,Yaris,87990,0,7950
509,Toyota,2013,RAV4,151376,0,11490
510,Toyota,2018,Yaris,32322,0,12980
511,Toyota,2020,Camry,3414,1,24935
512,Toyota,2019,4Runner,6165,0,48991
513,Toyota,2017,Highlander,41035,1,28726
514,Toyota,2018,Camry,36287,0,15989
515,Toyota,2018,Yaris,41001,0,10989
516,Toyota,2018,Camry,36385,0,16767
517,Toyota,2017,Highlander,55500,0,21634
518,Toyota,2016,Highlander,47945,0,21995
519,Toyota,2019,Camry,37576,1,18490
520,Toyota,2019,RAV4,19098,0,26787
521,Toyota,2018,Corolla,21390,0,15220
522,Toyota,2015,Corolla,78218,0,10783
523,Toyota,2018,Camry,13853,1,21418
524,Toyota,2011,Sienna,152303,0,9431
525,Toyota,2015,Tacoma,63444,0,22999
526,Toyota,2019,Camry,20366,0,18888
527,Toyota,2010,Corolla,53768,0,8895
528,Toyota,2014,FJ,117581,0,26999
529,Toyota,2019,Camry,39190,0,21259
530,Toyota,2009,Venza,157336,0,8588
531,Toyota,2017,Yaris,48700,0,9000
532,Toyota,2018,RAV4,30043,0,20995
533,Toyota,2019,Highlander,33253,1,29935
534,Toyota,2018,4Runner,61531,1,36451
535,Toyota,2019,RAV4,19584,0,31998
536,Toyota,2019,Camry,36080,0,18519
537,Toyota,2016,Camry,44861,0,15380
538,Toyota,2019,Camry,34196,0,18649
539,Toyota,2018,Camry,59339,0,18991
540,Toyota,2011,Prius,140449,0,5999
541,Toyota,2017,Corolla,19726,0,16819
542,Toyota,2019,Highlander,28896,0,32999
543,Toyota,2017,RAV4,17889,0,19888
544,Toyota,2019,Camry,33310,0,20392
545,Toyota,2013,RAV4,27815,0,17991
546,Toyota,2019,Camry,37041,0,17297
547,Toyota,2012,Camry,62300,0,10500
548,Toyota,2019,C-HR,25541,0,17962
549,Toyota,2017,Highlander,34599,0,28865
550,Toyota,2016,Highlander,64024,0,25968
551,Toyota,2018,Camry,28024,0,19722
552,Toyota,2019,Camry,32191,0,18719
553,Toyota,2011,Venza,161244,0,9995
554,Toyota,2018,RAV4,45291,0,20577
555,Toyota,2011,RAV4,99001,0,8988
556,Toyota,2007,Camry,115568,0,7498
557,Toyota,2016,Camry,71529,0,13498
558,Toyota,2006,Sienna,170645,0,6500
559,Toyota,2020,Highlander,1222,0,48990
560,Toyota,2012,Prius,158946,0,6899
561,Toyota,2013,Prius,29004,0,14995
562,Toyota,2013,Sienna,79055,0,18290
563,Toyota,2010,Highlander,99072,0,9995
564,Toyota,2012,Prius,116098,0,9995
565,Toyota,2020,Camry,2500,0,23188
566,Toyota,2018,Prius,56640,0,16988
567,Toyota,2017,Camry,58628,0,13995
568,Toyota,2009,Venza,141887,0,8975
569,Toyota,2015,Tacoma,97349,0,21999
570,Toyota,2019,Highlander,38046,1,29787
571,Toyota,2018,RAV4,46494,0,17986
572,Toyota,2020,Highlander,7177,0,35989
573,Toyota,2017,Camry,35824,0,15000
574,Toyota,2011,Venza,102586,0,10950
575,Toyota,2012,Tundra,118308,0,17975
576,Toyota,2018,RAV4,26680,0,21420
577,Toyota,2016,Camry,64438,0,13300
578,Toyota,2019,Camry,38665,1,18220
579,Toyota,2017,Camry,54106,0,14974
580,Toyota,2019,Highlander,1085,0,41847
581,Toyota,2015,Camry,83389,0,13683
582,Toyota,2013,Tacoma,62059,0,22950
583,Toyota,2015,Corolla,65060,0,12990
584,Toyota,2018,C-HR,41043,1,17355
585,Toyota,2010,Tacoma,132254,0,13748
586,Toyota,2016,Corolla,32148,0,11750
587,Toyota,2016,4Runner,84212,0,27990
588,Toyota,2017,Highlander,47482,1,27695
589,Toyota,2019,Tacoma,4138,0,32050
590,Toyota,2016,Tundra,24234,0,26995
591,Toyota,2017,Tundra,59953,0,37850
592,Toyota,2018,RAV4,29814,0,21075
593,Toyota,2016,Camry,43496,0,15888
594,Toyota,2015,Corolla,57270,0,10980
595,Toyota,2015,Sienna,103979,0,17777
596,Toyota,2012,Prius,94228,0,10450
597,Toyota,2015,Camry,65814,0,13984
598,Toyota,2019,RAV4,23505,1,28780
599,Toyota,2020,Supra,5595,0,50874
600,Toyota,2016,Corolla,49139,0,12987
601,Toyota,2017,Tacoma,34328,0,33987
602,Toyota,2012,RAV4,116077,0,8550
603,Toyota,2015,Camry,86711,0,15092
604,Toyota,2013,Tundra,99864,0,17995
605,Toyota,2019,Camry,23898,0,20995
606,Toyota,2020,Corolla,7635,0,17695
607,Toyota,2015,Corolla,70507,0,11282
608,Toyota,2010,Prius,108369,0,7900
609,Toyota,2019,Prius,22016,0,19731
610,Toyota,2013,Tacoma,67608,0,22398
611,Toyota,2019,Highlander,36381,1,29968
612,Toyota,2019,Tacoma,3253,0,39300
613,Toyota,2011,Tacoma,137349,0,17995
614,Toyota,2020,Highlander,2058,0,44994
615,Toyota,2020,Corolla,12507,0,17989
616,Toyota,2005,Tundra,154628,0,9998
617,Toyota,2009,Camry,82680,0,7998
618,Toyota,2017,Highlander,25235,0,33420
619,Toyota,2016,Corolla,60541,0,12587
620,Toyota,2018,RAV4,36156,0,18888
621,Toyota,2016,4Runner,11439,1,34554
622,Toyota,2017,Sienna,31459,1,28545
623,Toyota,2019,Corolla,16991,0,18213
624,Toyota,2020,Corolla,26146,0,17797
625,Toyota,2019,RAV4,31869,0,21597
626,Toyota,2017,Highlander,40008,0,26497
627,Toyota,2018,Highlander,27658,0,31633
628,Toyota,2020,Highlander,1716,0,36786
629,Toyota,2018,Highlander,43047,0,28979
630,Toyota,2018,Camry,40252,0,15922
631,Toyota,2018,4Runner,66500,0,30543
632,Toyota,2019,Camry,37472,0,21499
633,Toyota,2019,Camry,28380,0,20410
634,Toyota,2020,4Runner,2519,0,37475
635,Toyota,2007,RAV4,102568,0,9500
636,Toyota,2020,RAV4,301,0,38990
637,Toyota,2019,Corolla,20427,1,14984
638,Toyota,2012,Prius,66657,0,12475
639,Toyota,2017,Camry,75709,0,17700
640,Toyota,2018,Camry,3574,0,25257
641,Toyota,2019,Sienna,36053,0,34775
642,Toyota,2016,Camry,116999,0,9900
643,Toyota,2018,Camry,48353,0,18150
644,Toyota,2019,Camry,40288,0,19919
645,Toyota,2011,Prius,135283,0,5400
646,Toyota,2014,Avalon,78940,0,15990
647,Toyota,2016,Prius,108416,0,11705
648,Toyota,2019,4Runner,14246,0,34000
649,Toyota,2007,Camry,189545,0,3800
650,Toyota,2016,Avalon,46579,0,17413
651,Toyota,2019,Corolla,32768,0,14773
652,Toyota,2014,Sienna,77473,0,16488
653,Toyota,2017,Highlander,20882,0,32900
654,Toyota,2020,Sienna,24852,0,26139
655,Toyota,2019,Tacoma,11825,0,27589
656,Toyota,2019,Prius,21987,0,19580
657,Toyota,2012,Prius,141409,0,6000
658,Toyota,2010,Sienna,185613,0,5500
659,Toyota,2019,Camry,13641,0,26587
660,Toyota,2018,C-HR,30627,0,18720
661,Toyota,2013,Highlander,92073,0,13999
662,Toyota,2015,4Runner,64260,0,28987
663,Toyota,2011,4Runner,147569,0,14900
664,Toyota,2011,Camry,63873,0,10990
665,Toyota,2018,Camry,64633,0,16120
666,Toyota,2017,Corolla,13308,0,16831
667,Toyota,2018,Camry,38569,0,18652
668,Toyota,2009,Venza,117780,0,9499
669,Toyota,2019,Highlander,31259,1,29996
670,Toyota,2018,C-HR,45742,0,17865
671,Toyota,2020,Avalon,331,0,42113
672,Toyota,2018,RAV4,36929,0,20776
673,Toyota,2017,Corolla,33946,0,14219
674,Toyota,2017,Camry,24674,0,14689
675,Toyota,2009,Camry,92934,0,8000
676,Toyota,2019,Camry,20316,0,22950
677,Toyota,2017,Yaris,49221,0,10675
678,Toyota,2020,4Runner,301,0,54687
679,Toyota,2018,4Runner,26210,0,38995
680,Toyota,2016,4Runner,69869,0,28499
681,Toyota,2019,Camry,39235,0,21256
682,Toyota,2017,Tundra,60268,0,36995
683,Toyota,2016,Highlander,64461,0,23800
684,Toyota,2019,Tundra,23864,0,39033
685,Toyota,2019,Corolla,37907,0,14970
686,Toyota,2012,Highlander,153772,0,11999
687,Toyota,2010,Prius,86179,0,10627
688,Toyota,2019,RAV4,14497,1,37842
689,Toyota,2019,Camry,44385,0,17885
690,Toyota,2020,Camry,3448,0,21500
691,Toyota,2019,C-HR,7627,1,22299
692,Toyota,2012,Sienna,157799,0,8950
693,Toyota,2017,RAV4,17874,0,18649
694,Toyota,2017,Sienna,99299,0,19595
695,Toyota,2018,Camry,55464,0,15995
696,Toyota,2019,Camry,27450,1,19841
697,Toyota,2017,Sienna,36992,0,26484
698,Toyota,2017,RAV4,51292,1,23820
699,Toyota,2016,Highlander,56473,0,26447
700,Toyota,2018,4Runner,30706,0,34374
701,Toyota,2020,Yaris,22,0,16874
702,Toyota,2017,Highlander,32679,1,31185
703,Toyota,2017,Corolla,34497,0,15838
704,Toyota,2017,Tundra,40400,1,32295
705,Toyota,2017,RAV4,34030,1,19899
706,Toyota,2018,RAV4,35443,1,25299
707,Toyota,2015,Highlander,122332,0,19895
708,Toyota,2020,Corolla,2019,0,15650
709,Toyota,2013,Highlander,133200,0,14500
710,Toyota,2009,Camry,106139,0,9888
711,Toyota,2020,Highlander,5312,0,35937
712,Toyota,2018,Corolla,41892,0,12994
713,Toyota,2017,Highlander,40973,0,27900
714,Toyota,2019,Camry,33072,0,21699
715,Toyota,2017,RAV4,34005,0,19339
716,Toyota,2011,Sienna,144539,0,10000
717,Toyota,2017,Tundra,45461,0,31420
718,Toyota,2019,Camry,8383,0,20420
719,Toyota,2013,Prius,70134,0,11974
720,Toyota,2020,Camry,7435,0,19987
721,Toyota,2018,Camry,7354,0,19274
722,Toyota,2017,RAV4,69034,0,15724
723,Toyota,2020,Camry,3466,0,23990
724,Toyota,2017,Sienna,34980,0,24844
725,Toyota,2018,Camry,49303,0,20150
726,Toyota,2011,Tundra,132235,0,11999
727,Toyota,2018,4Runner,18459,0,35313
728,Toyota,2020,RAV4,10903,0,29526
729,Toyota,2017,Highlander,65250,0,24200
730,Toyota,2018,RAV4,15202,0,21674
731,Toyota,2009,Corolla,94557,0,10882
732,Toyota,2019,Camry,41171,0,19502
733,Toyota,2019,Camry,35439,1,19992
734,Toyota,2018,Camry,44482,0,16999
735,Toyota,2017,Prius,39383,0,21170
736,Toyota,2012,Camry,115631,0,8800
737,Toyota,2010,Camry,177486,0,5388
738,Toyota,2017,Tundra,36996,1,34920
739,Toyota,2016,RAV4,58277,0,19950
740,Toyota,2019,Camry,13550,1,26976
741,Toyota,2018,Camry,43912,1,19350
742,Toyota,2016,Corolla,38241,0,11679
743,Toyota,2019,Camry,26396,0,17997
744,Toyota,2015,RAV4,31921,0,18005
745,Toyota,2019,4Runner,24494,0,35996
746,Toyota,2017,Corolla,19531,0,15585
747,Toyota,2018,Corolla,31307,0,15080
748,Toyota,2017,RAV4,13079,0,19984
749,Toyota,2018,Tundra,24270,0,44613
750,Toyota,2019,Camry,33202,0,20994
751,Toyota,2017,4Runner,61472,0,25976
752,Toyota,2013,Camry,73035,0,10992
753,Toyota,2018,Corolla,30995,0,15320
754,Toyota,2012,Prius,113289,0,8900
755,Toyota,2019,Camry,34167,1,18490
756,Toyota,2014,Camry,60548,0,14475
757,Toyota,2017,4Runner,34525,1,35491
758,Toyota,2020,RAV4,301,1,37990
759,Toyota,2009,Corolla,146018,0,5489
760,Toyota,2015,Camry,66861,0,13122
761,Toyota,2017,Highlander,34061,0,26852
762,Toyota,2019,Camry,40120,0,20781
763,Toyota,2016,Sienna,43769,0,24488
764,Toyota,2019,Corolla,33229,0,14809
765,Toyota,2018,Highlander,46445,0,32495
766,Toyota,2006,Highlander,135906,0,5990
767,Toyota,2007,RAV4,116000,0,6500
768,Toyota,2007,Prius,141342,0,4200
769,Toyota,2013,Prius,73040,0,10997
770,Toyota,2016,Sienna,84870,0,17688
771,Toyota,2016,Prius,69679,0,16735
772,Toyota,2018,Camry,44349,0,20859
773,Toyota,2017,Camry,49079,0,14423
774,Toyota,2018,Corolla,47258,0,12760
775,Toyota,2012,Sienna,112721,0,11995
776,Toyota,2016,Highlander,85130,0,20994
777,Toyota,2019,Camry,37865,1,26074
778,Toyota,2019,Camry,37285,0,19897
779,Toyota,2019,RAV4,13358,0,23370
780,Toyota,2019,Avalon,2643,0,34987
781,Toyota,2019,Camry,1879,1,22300
782,Toyota,2018,Camry,49207,0,18150
783,Toyota,2018,Corolla,44301,0,14725
784,Toyota,2008,Sienna,100021,0,7500
785,Toyota,2015,Highlander,78423,0,22988
786,Toyota,2017,Highlander,42368,0,31212
787,Toyota,2016,Camry,192496,0,9990
788,Toyota,2019,Prius,22084,0,19120
789,Toyota,2016,Highlander,39398,1,28669
790,Toyota,2020,Camry,58,0,36886
791,Toyota,2018,Highlander,26335,0,38990
792,Toyota,2018,Camry,42794,0,16587
793,Toyota,2018,RAV4,8792,0,19895
794,Toyota,2016,4Runner,87524,0,26000
795,Toyota,2018,4Runner,46847,0,34599
796,Toyota,2019,Corolla,34971,0,14690
797,Toyota,2018,RAV4,15305,0,18449
798,Toyota,2008,Camry,163464,0,5500
799,Toyota,2018,Camry,9922,0,20200
800,Toyota,2017,Corolla,6056,0,12499
801,Toyota,2018,Highlander,27322,0,33134
802,Toyota,2015,Sienna,46035,0,20278
803,Toyota,2013,Camry,93001,0,9997
804,Toyota,2006,RAV4,117105,0,6499
805,Toyota,2015,Sienna,97211,0,18954
806,Toyota,2018,C-HR,65054,1,16723
807,Toyota,2019,Camry,35206,0,18577
808,Toyota,2018,Corolla,52050,0,13652
809,Toyota,2018,Corolla,19974,0,14989
810,Toyota,2019,Camry,39000,0,19646
811,Toyota,2019,Camry,36195,0,19997
812,Toyota,2018,Corolla,33639,0,14919
813,Toyota,2017,Corolla,24278,0,13189
814,Toyota,2019,Camry,30519,0,18539
815,Toyota,2017,RAV4,29864,0,18991
816,Toyota,2010,Prius,127621,0,7185
817,Toyota,2018,Camry,18091,1,27288
818,Toyota,2018,Camry,75597,0,15495
819,Toyota,2017,Highlander,71106,0,26974
820,Toyota,2016,RAV4,109445,0,13999
821,Toyota,2018,Camry,31978,0,24993
822,Toyota,2015,Corolla,116920,0,9500
823,Toyota,2018,Camry,8464,0,23972
824,Toyota,2007,Camry,116663,0,6499
825,Toyota,2019,4Runner,17680,0,34897
826,Toyota,2016,Camry,66049,0,15188
827,Toyota,2020,Sienna,28141,1,26310
828,Toyota,2018,RAV4,10223,0,23232
829,Toyota,2020,Corolla,10114,0,17297
830,Toyota,2018,Highlander,33304,0,29498
831,Toyota,2019,Camry,41869,0,19458
832,Toyota,2017,RAV4,25309,0,18939
833,Toyota,2018,Camry,30288,0,23139
834,Toyota,2007,Camry,105822,0,6500
835,Toyota,2017,Sienna,45073,1,27940
836,Toyota,2019,Avalon,9915,0,32890
837,Toyota,2017,RAV4,67135,0,18488
838,Toyota,2017,Highlander,40785,0,32720
839,Toyota,2015,Camry,62825,0,13457
840,Toyota,2011,Prius,113783,0,7983
841,Toyota,2019,4Runner,3695,1,38417
842,Toyota,2017,RAV4,15706,1,21247
843,Toyota,2010,Tundra,161264,0,13995
844,Toyota,2019,Corolla,13007,0,17783
845,Toyota,2020,Corolla,26289,0,17998
846,Toyota,2017,RAV4,27982,0,20988
847,Toyota,2012,Prius,91601,0,9790
848,Toyota,2012,Camry,42063,0,13987
849,Toyota,2016,Camry,50085,0,13700
850,Toyota,2019,Prius,23388,0,19230
851,Toyota,2009,Highlander,110247,0,12442
852,Toyota,2019,Tundra,10001,0,42997
853,Toyota,2019,Camry,40357,1,19538
854,Toyota,2019,Camry,35897,1,21893
855,Toyota,2014,Yaris,87773,0,7900
856,Toyota,2019,Corolla,22156,0,13939
857,Toyota,2012,Camry,120723,0,9500
858,Toyota,2020,Corolla,30822,1,16471
859,Toyota,2015,Corolla,97953,0,9800
860,Toyota,2018,Tacoma,23761,0,26950
861,Toyota,2008,Highlander,193448,0,6990
862,Toyota,2018,4Runner,22898,0,33995
863,Toyota,2020,Corolla,27059,0,16751
864,Toyota,2010,RAV4,138380,0,7999
865,Toyota,2019,Corolla,25218,0,17663
866,Toyota,2017,RAV4,29826,0,20262
867,Toyota,2008,Sequoia,273475,0,9491
868,Toyota,2020,Corolla,30538,0,16097
869,Toyota,2017,4Runner,49105,0,38490
870,Toyota,2019,Prius,27428,0,18930
871,Toyota,2019,Prius,22804,0,19580
872,Toyota,2014,4Runner,97276,0,21994
873,Toyota,2020,Highlander,12883,0,34977
874,Toyota,2015,Highlander,83669,0,20733
875,Toyota,2016,Camry,85373,0,13977
876,Toyota,2017,Sienna,25965,0,23139
877,Toyota,2017,Sienna,27479,0,22139
878,Toyota,2007,Avalon,64427,0,10000
879,Toyota,2014,4Runner,105170,0,22162
880,Toyota,2008,Sequoia,147000,0,18000
881,Toyota,2019,Camry,40803,0,21154
882,Toyota,2020,Corolla,23334,0,16697
883,Toyota,2020,Corolla,24700,0,16697
884,Toyota,2013,Corolla,126876,0,8995
885,Toyota,2012,Yaris,123690,0,5995
886,Toyota,2019,Corolla,26559,0,15530
887,Toyota,2019,Camry,7342,1,28699
888,Toyota,2018,Yaris,22975,0,12764
889,Toyota,2014,Camry,127686,0,8583
890,Toyota,2020,Highlander,2747,0,36977
891,Toyota,2019,Camry,38150,0,19999
892,Toyota,2019,Camry,35904,1,20022
893,Toyota,2020,4Runner,16476,0,35209
894,Toyota,2005,Corolla,110349,0,5500
895,Toyota,2012,Camry,139038,0,8500
896,Toyota,2009,Highlander,102123,0,12495
897,Toyota,2009,Camry,78044,0,8000
898,Toyota,2018,Camry,26761,0,18820
899,Toyota,2017,Camry,78268,0,13974
900,Toyota,2019,Tundra,22891,0,36874
901,Toyota,2005,Highlander,151588,0,8950
902,Toyota,2012,Tundra,72558,0,19192
903,Toyota,2013,FJ,81622,0,23292
904,Toyota,2018,Corolla,35293,0,17525
905,Toyota,2017,Camry,46782,0,15998
906,Toyota,2018,Corolla,37770,0,14995
907,Toyota,2014,Corolla,58156,0,10995
908,Toyota,2018,C-HR,68053,0,16887
909,Toyota,2016,4Runner,79888,0,28300
910,Toyota,2018,Tundra,24565,1,38665
911,Toyota,2016,4Runner,67283,0,30000
912,Toyota,2018,Corolla,8074,0,14999
913,Toyota,2019,Camry,24894,1,20772
914,Toyota,2018,Camry,26020,0,20289
915,Toyota,2018,Camry,36846,1,24280
916,Toyota,2019,Tundra,15255,0,47820
917,Toyota,2010,Corolla,115000,0,6820
918,Toyota,2019,Tundra,26042,0,48794
919,Toyota,2011,4Runner,71667,0,18791
920,Toyota,2017,RAV4,32600,0,18674
921,Toyota,2016,Prius,105533,0,11796
922,Toyota,2012,RAV4,61054,0,15591
923,Toyota,2019,RAV4,5340,1,36710
924,Toyota,2019,Camry,26214,1,20750
925,Toyota,2019,Camry,43037,0,20592
926,Toyota,2018,Corolla,18053,0,12499
927,Toyota,2014,Avalon,79500,0,14988
928,Toyota,2014,Corolla,172780,0,8599
929,Toyota,2018,Camry,11012,1,19986
930,Toyota,2019,4Runner,35657,0,29219
931,Toyota,2018,Corolla,43286,0,12996
932,Toyota,2017,RAV4,50093,0,20700
933,Toyota,2019,Camry,38671,1,20194
934,Toyota,2019,Prius,29161,0,18780
935,Toyota,2018,Prius,8379,0,19995
936,Toyota,2006,Avalon,148759,0,7000
937,Toyota,2017,Avalon,43606,0,24293
938,Toyota,2013,Sienna,114174,0,11921
939,Toyota,2016,Highlander,71681,0,25387
940,Toyota,2018,Camry,32189,0,23757
941,Toyota,2018,Camry,56924,1,18848
942,Toyota,2019,C-HR,11944,1,24080
943,Toyota,2015,Highlander,91278,0,19994
944,Toyota,2017,Camry,23377,0,17350
945,Toyota,2018,Highlander,33046,0,30250
946,Toyota,2011,Camry,118172,0,7999
947,Toyota,2011,Sienna,138304,0,9988
948,Toyota,2015,Corolla,72458,0,11988
949,Toyota,2020,Corolla,24538,0,16774
950,Toyota,2017,RAV4,32298,0,24988
951,Toyota,2020,Corolla,20629,0,17097
952,Toyota,2014,Corolla,81335,0,9993
953,Toyota,2016,Camry,66797,0,13493
954,Toyota,2017,RAV4,86518,0,16999
955,Toyota,2006,Avalon,138953,0,6800
956,Toyota,2011,Prius,117175,0,6800
957,Toyota,2009,Corolla,138249,0,6500
958,Toyota,2012,Camry,109948,0,11500
959,Toyota,2011,Sienna,108169,0,11450
960,Toyota,2018,Camry,42172,1,19243
961,Toyota,2014,Camry,103938,0,10499
962,Toyota,2017,Highlander,44697,1,33050
963,Toyota,2019,Tundra,41433,0,41887
964,Toyota,2016,Prius,84891,0,16450
965,Toyota,2009,Camry,201038,0,3998
966,Toyota,2016,Tundra,32025,1,39990
967,Toyota,2006,Tacoma,91947,0,15400
968,Toyota,2017,Corolla,40009,0,12916
969,Toyota,2017,Sienna,114603,0,18444
970,Toyota,2017,Camry,77746,0,14000
971,Toyota,2019,Camry,37459,1,19899
972,Toyota,2019,Camry,34608,1,21494
973,Toyota,2018,RAV4,27171,0,19700
974,Toyota,2018,Camry,74536,0,15597
975,Toyota,2019,Corolla,35718,0,14666
976,Toyota,2013,Corolla,47104,0,9000
977,Toyota,2019,4Runner,29599,0,37377
978,Toyota,2018,Sienna,47102,1,26990
979,Toyota,2017,Corolla,10600,0,14247
980,Toyota,2018,4Runner,14764,0,37787
981,Toyota,2016,Highlander,103364,0,18981
982,Toyota,2017,Tundra,50465,0,36193
983,Toyota,2015,RAV4,64067,0,16000
984,Toyota,2017,Tundra,67530,0,39990
985,Toyota,2010,RAV4,116128,0,8998
986,Toyota,2017,Tundra,53058,0,28187
987,Toyota,2017,Highlander,39315,0,28779
988,Toyota,2017,4Runner,35490,1,33190
989,Toyota,2019,Tacoma,22413,1,30671
990,Toyota,2016,Avalon,45460,0,23276
991,Toyota,2020,Tacoma,9027,0,38937
992,Toyota,2018,RAV4,27154,0,21539
993,Toyota,2019,Camry,37085,0,17989
994,Toyota,2013,Prius,155571,0,7998
995,Toyota,2019,RAV4,88,0,37638
996,Toyota,2015,RAV4,69865,0,15000
997,Toyota,2016,Corolla,38592,0,13391
998,Toyota,2017,Camry,39544,1,20177
